[{"model": "contenttypes.contenttype", "fields": {"app_label": "admin", "model": "logentry"}}, {"model": "contenttypes.contenttype", "fields": {"app_label": "auth", "model": "permission"}}, {"model": "contenttypes.contenttype", "fields": {"app_label": "auth", "model": "group"}}, {"model": "contenttypes.contenttype", "fields": {"app_label": "contenttypes", "model": "contenttype"}}, {"model": "contenttypes.contenttype", "fields": {"app_label": "sessions", "model": "session"}}, {"model": "contenttypes.contenttype", "fields": {"app_label": "users", "model": "customuser"}}, {"model": "contenttypes.contenttype", "fields": {"app_label": "shop", "model": "orderitem"}}, {"model": "contenttypes.contenttype", "fields": {"app_label": "shop", "model": "product"}}, {"model": "contenttypes.contenttype", "fields": {"app_label": "shop", "model": "cart"}}, {"model": "contenttypes.contenttype", "fields": {"app_label": "shop", "model": "order"}}, {"model": "contenttypes.contenttype", "fields": {"app_label": "shop", "model": "cartitem"}}, {"model": "contenttypes.contenttype", "fields": {"app_label": "authtoken", "model": "token"}}, {"model": "contenttypes.contenttype", "fields": {"app_label": "authtoken", "model": "tokenproxy"}}, {"model": "sessions.session", "pk": "9sm2b2o5ke62bmc2e6cn8nqn4qhnzfqv", "fields": {"session_data": ".eJxVjMsOwiAQRf-FtSFAebp07zeQgRmkaiAp7cr479qkC93ec859sQjbWuM2aIkzsjOT7PS7JcgPajvAO7Rb57m3dZkT3xV-0MGvHel5Ody_gwqjfusskoUgqGQKWSlAtJNGJ6zGErzWCpTzCZOZZELtwVhhsDiQxYCShdj7A_7pOIg:1uWBSR:NoYuuCmyuX9famWKT3gRNFIdBipZ2GsnwYlmZRYEv_8", "expire_date": "2025-07-14T10:09:51.732Z"}}, {"model": "sessions.session", "pk": "khpexm9aj53egswv2dk8pah30s8nc60q", "fields": {"session_data": ".eJxVjMsOwiAQRf-FtSFAebp07zeQgRmkaiAp7cr479qkC93ec859sQjbWuM2aIkzsjOT7PS7JcgPajvAO7Rb57m3dZkT3xV-0MGvHel5Ody_gwqjfusskoUgqGQKWSlAtJNGJ6zGErzWCpTzCZOZZELtwVhhsDiQxYCShdj7A_7pOIg:1uWB2m:5XlKdFuTtwSR38B0f087YcPkODYtTNXrTrH2P3aSrn8", "expire_date": "2025-07-14T09:43:20.363Z"}}, {"model": "shop.product", "pk": 1, "fields": {"name": "Cemento", "description": "Materiale edile usato sopratutto per i pavimenti", "price": "36.00", "stock": 42, "discount_percent": 0}}, {"model": "shop.product", "pk": 2, "fields": {"name": "Malta", "description": "Materiale edile usato specialmente per le pareti", "price": "40.00", "stock": 6, "discount_percent": 14}}, {"model": "shop.product", "pk": 3, "fields": {"name": "Stucco", "description": "Materiale edile usato per rifinire alcune parti", "price": "19.99", "stock": 31, "discount_percent": 10}}, {"model": "shop.product", "pk": 4, "fields": {"name": "Silicone", "description": "Materiale edile usato per sigillare, incollare e proteggere", "price": "13.00", "stock": 65, "discount_percent": 0}}, {"model": "shop.orderitem", "pk": 2, "fields": {"product": 2, "order": 2, "quantity": 1}}, {"model": "shop.orderitem", "pk": 3, "fields": {"product": 2, "order": 3, "quantity": 1}}, {"model": "shop.orderitem", "pk": 4, "fields": {"product": 2, "order": 3, "quantity": 1}}, {"model": "shop.orderitem", "pk": 5, "fields": {"product": 2, "order": 4, "quantity": 1}}, {"model": "shop.orderitem", "pk": 6, "fields": {"product": 2, "order": 5, "quantity": 1}}, {"model": "shop.orderitem", "pk": 7, "fields": {"product": 3, "order": 5, "quantity": 1}}, {"model": "shop.orderitem", "pk": 8, "fields": {"product": 2, "order": 5, "quantity": 1}}, {"model": "shop.orderitem", "pk": 9, "fields": {"product": 2, "order": 5, "quantity": 1}}, {"model": "shop.orderitem", "pk": 10, "fields": {"product": 2, "order": 6, "quantity": 1}}, {"model": "shop.orderitem", "pk": 11, "fields": {"product": 2, "order": 7, "quantity": 1}}, {"model": "shop.orderitem", "pk": 12, "fields": {"product": 2, "order": 7, "quantity": 1}}, {"model": "shop.orderitem", "pk": 13, "fields": {"product": 2, "order": 7, "quantity": 1}}, {"model": "shop.orderitem", "pk": 14, "fields": {"product": 2, "order": 8, "quantity": 1}}, {"model": "shop.orderitem", "pk": 15, "fields": {"product": 2, "order": 9, "quantity": 1}}, {"model": "shop.orderitem", "pk": 16, "fields": {"product": 2, "order": 9, "quantity": 1}}, {"model": "shop.orderitem", "pk": 17, "fields": {"product": 2, "order": 9, "quantity": 1}}, {"model": "shop.orderitem", "pk": 18, "fields": {"product": 2, "order": 9, "quantity": 1}}, {"model": "shop.orderitem", "pk": 19, "fields": {"product": 2, "order": 10, "quantity": 1}}, {"model": "shop.orderitem", "pk": 20, "fields": {"product": 2, "order": 11, "quantity": 1}}, {"model": "shop.orderitem", "pk": 21, "fields": {"product": 2, "order": 12, "quantity": 1}}, {"model": "shop.orderitem", "pk": 22, "fields": {"product": 2, "order": 13, "quantity": 1}}, {"model": "shop.orderitem", "pk": 23, "fields": {"product": 2, "order": 13, "quantity": 1}}, {"model": "shop.orderitem", "pk": 24, "fields": {"product": 2, "order": 13, "quantity": 1}}, {"model": "shop.orderitem", "pk": 25, "fields": {"product": 2, "order": 14, "quantity": 1}}, {"model": "shop.orderitem", "pk": 26, "fields": {"product": 2, "order": 15, "quantity": 1}}, {"model": "shop.orderitem", "pk": 27, "fields": {"product": 2, "order": 16, "quantity": 1}}, {"model": "shop.orderitem", "pk": 28, "fields": {"product": 2, "order": 16, "quantity": 1}}, {"model": "shop.orderitem", "pk": 29, "fields": {"product": 2, "order": 17, "quantity": 1}}, {"model": "shop.orderitem", "pk": 30, "fields": {"product": 2, "order": 18, "quantity": 1}}, {"model": "shop.orderitem", "pk": 31, "fields": {"product": 2, "order": 18, "quantity": 1}}, {"model": "shop.orderitem", "pk": 32, "fields": {"product": 2, "order": 18, "quantity": 1}}, {"model": "shop.orderitem", "pk": 33, "fields": {"product": 2, "order": 19, "quantity": 1}}, {"model": "shop.orderitem", "pk": 34, "fields": {"product": 2, "order": 20, "quantity": 1}}, {"model": "shop.orderitem", "pk": 35, "fields": {"product": 2, "order": 21, "quantity": 1}}, {"model": "shop.orderitem", "pk": 36, "fields": {"product": 2, "order": 21, "quantity": 1}}, {"model": "shop.orderitem", "pk": 37, "fields": {"product": 2, "order": 22, "quantity": 1}}, {"model": "shop.orderitem", "pk": 38, "fields": {"product": 2, "order": 23, "quantity": 2}}, {"model": "shop.orderitem", "pk": 39, "fields": {"product": 2, "order": 24, "quantity": 1}}, {"model": "shop.orderitem", "pk": 40, "fields": {"product": 2, "order": 25, "quantity": 1}}, {"model": "shop.orderitem", "pk": 41, "fields": {"product": 2, "order": 26, "quantity": 1}}, {"model": "shop.orderitem", "pk": 42, "fields": {"product": 2, "order": 27, "quantity": 1}}, {"model": "shop.orderitem", "pk": 43, "fields": {"product": 2, "order": 28, "quantity": 1}}, {"model": "shop.orderitem", "pk": 44, "fields": {"product": 2, "order": 29, "quantity": 1}}, {"model": "shop.orderitem", "pk": 50, "fields": {"product": 4, "order": 34, "quantity": 1}}, {"model": "shop.orderitem", "pk": 51, "fields": {"product": 3, "order": 34, "quantity": 1}}, {"model": "shop.orderitem", "pk": 52, "fields": {"product": 2, "order": 34, "quantity": 1}}, {"model": "shop.orderitem", "pk": 53, "fields": {"product": 1, "order": 34, "quantity": 1}}, {"model": "shop.orderitem", "pk": 54, "fields": {"product": 3, "order": 35, "quantity": 1}}, {"model": "shop.orderitem", "pk": 55, "fields": {"product": 4, "order": 35, "quantity": 1}}, {"model": "shop.orderitem", "pk": 56, "fields": {"product": 1, "order": 35, "quantity": 1}}, {"model": "auth.permission", "fields": {"name": "Can add log entry", "content_type": ["admin", "logentry"], "codename": "add_logentry"}}, {"model": "auth.permission", "fields": {"name": "Can change log entry", "content_type": ["admin", "logentry"], "codename": "change_logentry"}}, {"model": "auth.permission", "fields": {"name": "Can delete log entry", "content_type": ["admin", "logentry"], "codename": "delete_logentry"}}, {"model": "auth.permission", "fields": {"name": "Can view log entry", "content_type": ["admin", "logentry"], "codename": "view_logentry"}}, {"model": "auth.permission", "fields": {"name": "Can add permission", "content_type": ["auth", "permission"], "codename": "add_permission"}}, {"model": "auth.permission", "fields": {"name": "Can change permission", "content_type": ["auth", "permission"], "codename": "change_permission"}}, {"model": "auth.permission", "fields": {"name": "Can delete permission", "content_type": ["auth", "permission"], "codename": "delete_permission"}}, {"model": "auth.permission", "fields": {"name": "Can view permission", "content_type": ["auth", "permission"], "codename": "view_permission"}}, {"model": "auth.permission", "fields": {"name": "Can add group", "content_type": ["auth", "group"], "codename": "add_group"}}, {"model": "auth.permission", "fields": {"name": "Can change group", "content_type": ["auth", "group"], "codename": "change_group"}}, {"model": "auth.permission", "fields": {"name": "Can delete group", "content_type": ["auth", "group"], "codename": "delete_group"}}, {"model": "auth.permission", "fields": {"name": "Can view group", "content_type": ["auth", "group"], "codename": "view_group"}}, {"model": "auth.permission", "fields": {"name": "Can add content type", "content_type": ["contenttypes", "contenttype"], "codename": "add_contenttype"}}, {"model": "auth.permission", "fields": {"name": "Can change content type", "content_type": ["contenttypes", "contenttype"], "codename": "change_contenttype"}}, {"model": "auth.permission", "fields": {"name": "Can delete content type", "content_type": ["contenttypes", "contenttype"], "codename": "delete_contenttype"}}, {"model": "auth.permission", "fields": {"name": "Can view content type", "content_type": ["contenttypes", "contenttype"], "codename": "view_contenttype"}}, {"model": "auth.permission", "fields": {"name": "Can add session", "content_type": ["sessions", "session"], "codename": "add_session"}}, {"model": "auth.permission", "fields": {"name": "Can change session", "content_type": ["sessions", "session"], "codename": "change_session"}}, {"model": "auth.permission", "fields": {"name": "Can delete session", "content_type": ["sessions", "session"], "codename": "delete_session"}}, {"model": "auth.permission", "fields": {"name": "Can view session", "content_type": ["sessions", "session"], "codename": "view_session"}}, {"model": "auth.permission", "fields": {"name": "Can add user", "content_type": ["users", "customuser"], "codename": "add_customuser"}}, {"model": "auth.permission", "fields": {"name": "Can change user", "content_type": ["users", "customuser"], "codename": "change_customuser"}}, {"model": "auth.permission", "fields": {"name": "Can delete user", "content_type": ["users", "customuser"], "codename": "delete_customuser"}}, {"model": "auth.permission", "fields": {"name": "Can view user", "content_type": ["users", "customuser"], "codename": "view_customuser"}}, {"model": "auth.permission", "fields": {"name": "Can add order item", "content_type": ["shop", "orderitem"], "codename": "add_orderitem"}}, {"model": "auth.permission", "fields": {"name": "Can change order item", "content_type": ["shop", "orderitem"], "codename": "change_orderitem"}}, {"model": "auth.permission", "fields": {"name": "Can delete order item", "content_type": ["shop", "orderitem"], "codename": "delete_orderitem"}}, {"model": "auth.permission", "fields": {"name": "Can view order item", "content_type": ["shop", "orderitem"], "codename": "view_orderitem"}}, {"model": "auth.permission", "fields": {"name": "Can add product", "content_type": ["shop", "product"], "codename": "add_product"}}, {"model": "auth.permission", "fields": {"name": "Can change product", "content_type": ["shop", "product"], "codename": "change_product"}}, {"model": "auth.permission", "fields": {"name": "Can delete product", "content_type": ["shop", "product"], "codename": "delete_product"}}, {"model": "auth.permission", "fields": {"name": "Can view product", "content_type": ["shop", "product"], "codename": "view_product"}}, {"model": "auth.permission", "fields": {"name": "Can add cart", "content_type": ["shop", "cart"], "codename": "add_cart"}}, {"model": "auth.permission", "fields": {"name": "Can change cart", "content_type": ["shop", "cart"], "codename": "change_cart"}}, {"model": "auth.permission", "fields": {"name": "Can delete cart", "content_type": ["shop", "cart"], "codename": "delete_cart"}}, {"model": "auth.permission", "fields": {"name": "Can view cart", "content_type": ["shop", "cart"], "codename": "view_cart"}}, {"model": "auth.permission", "fields": {"name": "Can add order", "content_type": ["shop", "order"], "codename": "add_order"}}, {"model": "auth.permission", "fields": {"name": "Can change order", "content_type": ["shop", "order"], "codename": "change_order"}}, {"model": "auth.permission", "fields": {"name": "Can delete order", "content_type": ["shop", "order"], "codename": "delete_order"}}, {"model": "auth.permission", "fields": {"name": "Can view order", "content_type": ["shop", "order"], "codename": "view_order"}}, {"model": "auth.permission", "fields": {"name": "Can add cart item", "content_type": ["shop", "cartitem"], "codename": "add_cartitem"}}, {"model": "auth.permission", "fields": {"name": "Can change cart item", "content_type": ["shop", "cartitem"], "codename": "change_cartitem"}}, {"model": "auth.permission", "fields": {"name": "Can delete cart item", "content_type": ["shop", "cartitem"], "codename": "delete_cartitem"}}, {"model": "auth.permission", "fields": {"name": "Can view cart item", "content_type": ["shop", "cartitem"], "codename": "view_cartitem"}}, {"model": "auth.permission", "fields": {"name": "Can add Token", "content_type": ["authtoken", "token"], "codename": "add_token"}}, {"model": "auth.permission", "fields": {"name": "Can change Token", "content_type": ["authtoken", "token"], "codename": "change_token"}}, {"model": "auth.permission", "fields": {"name": "Can delete Token", "content_type": ["authtoken", "token"], "codename": "delete_token"}}, {"model": "auth.permission", "fields": {"name": "Can view Token", "content_type": ["authtoken", "token"], "codename": "view_token"}}, {"model": "auth.permission", "fields": {"name": "Can add Token", "content_type": ["authtoken", "tokenproxy"], "codename": "add_tokenproxy"}}, {"model": "auth.permission", "fields": {"name": "Can change Token", "content_type": ["authtoken", "tokenproxy"], "codename": "change_tokenproxy"}}, {"model": "auth.permission", "fields": {"name": "Can delete Token", "content_type": ["authtoken", "tokenproxy"], "codename": "delete_tokenproxy"}}, {"model": "auth.permission", "fields": {"name": "Can view Token", "content_type": ["authtoken", "tokenproxy"], "codename": "view_tokenproxy"}}, {"model": "auth.group", "fields": {"name": "Moderatore", "permissions": [["add_cart", "shop", "cart"], ["change_cart", "shop", "cart"], ["delete_cart", "shop", "cart"], ["view_cart", "shop", "cart"], ["add_cartitem", "shop", "cartitem"], ["change_cartitem", "shop", "cartitem"], ["delete_cartitem", "shop", "cartitem"], ["view_cartitem", "shop", "cartitem"], ["add_order", "shop", "order"], ["change_order", "shop", "order"], ["delete_order", "shop", "order"], ["view_order", "shop", "order"], ["add_orderitem", "shop", "orderitem"], ["change_orderitem", "shop", "orderitem"], ["delete_orderitem", "shop", "orderitem"], ["view_orderitem", "shop", "orderitem"], ["view_product", "shop", "product"], ["view_customuser", "users", "customuser"]]}}, {"model": "auth.group", "fields": {"name": "Responsabile prodotti", "permissions": [["view_cart", "shop", "cart"], ["view_cartitem", "shop", "cartitem"], ["view_order", "shop", "order"], ["view_orderitem", "shop", "orderitem"], ["add_product", "shop", "product"], ["change_product", "shop", "product"], ["delete_product", "shop", "product"], ["view_product", "shop", "product"], ["view_customuser", "users", "customuser"]]}}, {"model": "users.customuser", "fields": {"password": "pbkdf2_sha256$600000$7GUtdK6YvetiO6PIlQ0bqr$3aRS7u7+fgC0m/vHweMlFkCqCjgVtBnMmuxKlU1OxMs=", "last_login": "2025-06-30T10:09:51.731Z", "is_superuser": true, "username": "mattia", "first_name": "", "last_name": "", "email": "mattia@example.com", "is_staff": true, "is_active": true, "date_joined": "2025-06-27T16:55:28Z", "bio": "", "is_banned": false, "groups": [], "user_permissions": []}}, {"model": "users.customuser", "fields": {"password": "pbkdf2_sha256$600000$x6evjZueIRBY2T1o1126UO$wlb5yOi9+kM49oxnrdwIHls2kHQl3Hyn1jvNzeefp8k=", "last_login": "2025-06-29T21:25:54.578Z", "is_superuser": false, "username": "gabriele", "first_name": "", "last_name": "", "email": "gabriele@example.com", "is_staff": true, "is_active": true, "date_joined": "2025-06-28T09:09:06Z", "bio": "", "is_banned": false, "groups": [["Moderatore"]], "user_permissions": []}}, {"model": "users.customuser", "fields": {"password": "pbkdf2_sha256$600000$oruRrpxnEG1oPeLv1Hn2zD$SDphsR55lBiL8DwzNnYyX/EcOh6ZEuIzkCQAgV4Ud3o=", "last_login": "2025-06-29T21:25:40.695Z", "is_superuser": false, "username": "filippo", "first_name": "", "last_name": "", "email": "filippo@example.com", "is_staff": true, "is_active": true, "date_joined": "2025-06-29T16:01:52Z", "bio": "", "is_banned": false, "groups": [["Responsabile prodotti"]], "user_permissions": []}}, {"model": "users.customuser", "fields": {"password": "pbkdf2_sha256$600000$iy7v77LIyGA6wRUO0TATMh$MyHaolJYFy4vHltLN/as8jZ+tsCho5QQ6B3h8VX8EKc=", "last_login": null, "is_superuser": false, "username": "martino", "first_name": "", "last_name": "", "email": "martino@example.com", "is_staff": false, "is_active": true, "date_joined": "2025-06-29T16:16:36Z", "bio": "", "is_banned": false, "groups": [], "user_permissions": []}}, {"model": "shop.order", "pk": 2, "fields": {"user": ["mattia"], "created_at": "2025-06-28T19:49:51.450Z", "is_paid": true}}, {"model": "shop.order", "pk": 3, "fields": {"user": ["mattia"], "created_at": "2025-06-28T19:51:34.566Z", "is_paid": true}}, {"model": "shop.order", "pk": 4, "fields": {"user": ["mattia"], "created_at": "2025-06-28T19:51:39.869Z", "is_paid": true}}, {"model": "shop.order", "pk": 5, "fields": {"user": ["mattia"], "created_at": "2025-06-28T19:52:35.304Z", "is_paid": true}}, {"model": "shop.order", "pk": 6, "fields": {"user": ["mattia"], "created_at": "2025-06-28T19:52:41.735Z", "is_paid": true}}, {"model": "shop.order", "pk": 7, "fields": {"user": ["mattia"], "created_at": "2025-06-28T20:10:17.256Z", "is_paid": false}}, {"model": "shop.order", "pk": 8, "fields": {"user": ["mattia"], "created_at": "2025-06-28T20:10:22.800Z", "is_paid": false}}, {"model": "shop.order", "pk": 9, "fields": {"user": ["mattia"], "created_at": "2025-06-28T20:29:02.690Z", "is_paid": false}}, {"model": "shop.order", "pk": 10, "fields": {"user": ["mattia"], "created_at": "2025-06-28T20:29:07.972Z", "is_paid": false}}, {"model": "shop.order", "pk": 11, "fields": {"user": ["mattia"], "created_at": "2025-06-28T20:29:13.587Z", "is_paid": false}}, {"model": "shop.order", "pk": 12, "fields": {"user": ["mattia"], "created_at": "2025-06-28T20:29:18.118Z", "is_paid": false}}, {"model": "shop.order", "pk": 13, "fields": {"user": ["mattia"], "created_at": "2025-06-28T20:36:12.906Z", "is_paid": false}}, {"model": "shop.order", "pk": 14, "fields": {"user": ["mattia"], "created_at": "2025-06-28T20:36:20.754Z", "is_paid": false}}, {"model": "shop.order", "pk": 15, "fields": {"user": ["mattia"], "created_at": "2025-06-28T20:36:30.740Z", "is_paid": false}}, {"model": "shop.order", "pk": 16, "fields": {"user": ["mattia"], "created_at": "2025-06-28T20:41:50.656Z", "is_paid": false}}, {"model": "shop.order", "pk": 17, "fields": {"user": ["mattia"], "created_at": "2025-06-28T20:41:55.075Z", "is_paid": false}}, {"model": "shop.order", "pk": 18, "fields": {"user": ["mattia"], "created_at": "2025-06-28T20:43:57.640Z", "is_paid": false}}, {"model": "shop.order", "pk": 19, "fields": {"user": ["mattia"], "created_at": "2025-06-28T20:44:02.388Z", "is_paid": false}}, {"model": "shop.order", "pk": 20, "fields": {"user": ["mattia"], "created_at": "2025-06-28T20:44:06.524Z", "is_paid": false}}, {"model": "shop.order", "pk": 21, "fields": {"user": ["mattia"], "created_at": "2025-06-28T20:51:19.611Z", "is_paid": false}}, {"model": "shop.order", "pk": 22, "fields": {"user": ["mattia"], "created_at": "2025-06-28T20:51:25.835Z", "is_paid": false}}, {"model": "shop.order", "pk": 23, "fields": {"user": ["mattia"], "created_at": "2025-06-28T21:08:51.000Z", "is_paid": false}}, {"model": "shop.order", "pk": 24, "fields": {"user": ["mattia"], "created_at": "2025-06-28T21:09:43.266Z", "is_paid": false}}, {"model": "shop.order", "pk": 25, "fields": {"user": ["mattia"], "created_at": "2025-06-28T21:09:58.800Z", "is_paid": false}}, {"model": "shop.order", "pk": 26, "fields": {"user": ["mattia"], "created_at": "2025-06-28T21:10:04.149Z", "is_paid": false}}, {"model": "shop.order", "pk": 27, "fields": {"user": ["mattia"], "created_at": "2025-06-28T21:14:20.973Z", "is_paid": false}}, {"model": "shop.order", "pk": 28, "fields": {"user": ["mattia"], "created_at": "2025-06-28T21:28:36.048Z", "is_paid": false}}, {"model": "shop.order", "pk": 29, "fields": {"user": ["mattia"], "created_at": "2025-06-28T21:28:46.631Z", "is_paid": false}}, {"model": "shop.order", "pk": 34, "fields": {"user": ["mattia"], "created_at": "2025-06-29T20:03:22.139Z", "is_paid": false}}, {"model": "shop.order", "pk": 35, "fields": {"user": ["mattia"], "created_at": "2025-06-29T20:12:53.087Z", "is_paid": false}}, {"model": "admin.logentry", "pk": 1, "fields": {"action_time": "2025-06-27T22:49:43.256Z", "user": ["mattia"], "content_type": ["shop", "cart"], "object_id": "1", "object_repr": "Cart for mattia", "action_flag": 1, "change_message": "[{\"added\": {}}]"}}, {"model": "admin.logentry", "pk": 2, "fields": {"action_time": "2025-06-28T08:34:20.745Z", "user": ["mattia"], "content_type": ["users", "customuser"], "object_id": "1", "object_repr": "mattia", "action_flag": 2, "change_message": "[{\"changed\": {\"fields\": [\"Is moderator\"]}}]"}}, {"model": "admin.logentry", "pk": 3, "fields": {"action_time": "2025-06-28T08:35:32.678Z", "user": ["mattia"], "content_type": ["users", "customuser"], "object_id": "1", "object_repr": "mattia", "action_flag": 2, "change_message": "[{\"changed\": {\"fields\": [\"Is moderator\"]}}]"}}, {"model": "admin.logentry", "pk": 4, "fields": {"action_time": "2025-06-28T08:37:20.198Z", "user": ["mattia"], "content_type": ["users", "customuser"], "object_id": "1", "object_repr": "mattia", "action_flag": 2, "change_message": "[{\"changed\": {\"fields\": [\"Is moderator\"]}}]"}}, {"model": "admin.logentry", "pk": 5, "fields": {"action_time": "2025-06-28T08:45:57.955Z", "user": ["mattia"], "content_type": ["users", "customuser"], "object_id": "1", "object_repr": "mattia", "action_flag": 2, "change_message": "[{\"changed\": {\"fields\": [\"Is moderator\"]}}]"}}, {"model": "admin.logentry", "pk": 6, "fields": {"action_time": "2025-06-28T08:46:12.431Z", "user": ["mattia"], "content_type": ["users", "customuser"], "object_id": "1", "object_repr": "mattia", "action_flag": 2, "change_message": "[{\"changed\": {\"fields\": [\"Is moderator\"]}}]"}}, {"model": "admin.logentry", "pk": 7, "fields": {"action_time": "2025-06-28T09:09:47.337Z", "user": ["mattia"], "content_type": ["users", "customuser"], "object_id": "2", "object_repr": "gabriele", "action_flag": 2, "change_message": "[{\"changed\": {\"fields\": [\"Username\"]}}]"}}, {"model": "admin.logentry", "pk": 8, "fields": {"action_time": "2025-06-28T09:16:29.266Z", "user": ["mattia"], "content_type": ["users", "customuser"], "object_id": "2", "object_repr": "gabriele", "action_flag": 2, "change_message": "[{\"changed\": {\"fields\": [\"Staff status\"]}}]"}}, {"model": "admin.logentry", "pk": 9, "fields": {"action_time": "2025-06-28T09:17:34.707Z", "user": ["mattia"], "content_type": ["users", "customuser"], "object_id": "2", "object_repr": "gabriele", "action_flag": 2, "change_message": "[{\"changed\": {\"fields\": [\"Superuser status\"]}}]"}}, {"model": "admin.logentry", "pk": 10, "fields": {"action_time": "2025-06-28T09:18:33.405Z", "user": ["mattia"], "content_type": ["users", "customuser"], "object_id": "2", "object_repr": "gabriele", "action_flag": 2, "change_message": "[{\"changed\": {\"fields\": [\"Email address\", \"Staff status\", \"Superuser status\"]}}]"}}, {"model": "admin.logentry", "pk": 11, "fields": {"action_time": "2025-06-28T12:39:53.593Z", "user": ["mattia"], "content_type": ["users", "customuser"], "object_id": "2", "object_repr": "gabriele", "action_flag": 2, "change_message": "[{\"changed\": {\"fields\": [\"Is banned\"]}}]"}}, {"model": "admin.logentry", "pk": 12, "fields": {"action_time": "2025-06-28T12:41:34.185Z", "user": ["mattia"], "content_type": ["users", "customuser"], "object_id": "3", "object_repr": "nire", "action_flag": 1, "change_message": "[{\"added\": {}}]"}}, {"model": "admin.logentry", "pk": 13, "fields": {"action_time": "2025-06-28T12:41:51.946Z", "user": ["mattia"], "content_type": ["users", "customuser"], "object_id": "3", "object_repr": "nire", "action_flag": 2, "change_message": "[{\"changed\": {\"fields\": [\"Email address\"]}}]"}}, {"model": "admin.logentry", "pk": 14, "fields": {"action_time": "2025-06-28T12:46:57.122Z", "user": ["mattia"], "content_type": ["users", "customuser"], "object_id": "2", "object_repr": "gabriele", "action_flag": 2, "change_message": "[{\"changed\": {\"fields\": [\"Is banned\"]}}]"}}, {"model": "admin.logentry", "pk": 15, "fields": {"action_time": "2025-06-28T16:27:46.173Z", "user": ["mattia"], "content_type": ["auth", "group"], "object_id": "1", "object_repr": "Moderatore", "action_flag": 1, "change_message": "[{\"added\": {}}]"}}, {"model": "admin.logentry", "pk": 16, "fields": {"action_time": "2025-06-28T16:33:17.625Z", "user": ["mattia"], "content_type": ["auth", "group"], "object_id": "1", "object_repr": "Moderatore", "action_flag": 2, "change_message": "[{\"changed\": {\"fields\": [\"Permissions\"]}}]"}}, {"model": "admin.logentry", "pk": 17, "fields": {"action_time": "2025-06-28T16:35:14.470Z", "user": ["mattia"], "content_type": ["auth", "group"], "object_id": "1", "object_repr": "Moderatore", "action_flag": 2, "change_message": "[{\"changed\": {\"fields\": [\"Permissions\"]}}]"}}, {"model": "admin.logentry", "pk": 18, "fields": {"action_time": "2025-06-28T16:36:07.178Z", "user": ["mattia"], "content_type": ["auth", "group"], "object_id": "1", "object_repr": "Moderatore", "action_flag": 2, "change_message": "[]"}}, {"model": "admin.logentry", "pk": 19, "fields": {"action_time": "2025-06-28T16:45:42.245Z", "user": ["mattia"], "content_type": ["auth", "group"], "object_id": "2", "object_repr": "Utente", "action_flag": 1, "change_message": "[{\"added\": {}}]"}}, {"model": "admin.logentry", "pk": 20, "fields": {"action_time": "2025-06-28T18:51:18.682Z", "user": ["mattia"], "content_type": ["shop", "cart"], "object_id": "2", "object_repr": "Cart for gabriele", "action_flag": 1, "change_message": "[{\"added\": {}}]"}}, {"model": "admin.logentry", "pk": 21, "fields": {"action_time": "2025-06-28T19:02:39.367Z", "user": ["mattia"], "content_type": ["users", "customuser"], "object_id": "4", "object_repr": "Nire", "action_flag": 1, "change_message": "[{\"added\": {}}]"}}, {"model": "admin.logentry", "pk": 22, "fields": {"action_time": "2025-06-28T19:04:11.941Z", "user": ["mattia"], "content_type": ["users", "customuser"], "object_id": "4", "object_repr": "Nire", "action_flag": 3, "change_message": ""}}, {"model": "admin.logentry", "pk": 23, "fields": {"action_time": "2025-06-28T19:30:52.620Z", "user": ["mattia"], "content_type": ["users", "customuser"], "object_id": "5", "object_repr": "nire", "action_flag": 3, "change_message": ""}}, {"model": "admin.logentry", "pk": 24, "fields": {"action_time": "2025-06-28T19:33:13.878Z", "user": ["mattia"], "content_type": ["shop", "product"], "object_id": "3", "object_repr": "Stucco", "action_flag": 2, "change_message": "[{\"changed\": {\"fields\": [\"Description\"]}}]"}}, {"model": "admin.logentry", "pk": 25, "fields": {"action_time": "2025-06-28T19:33:17.643Z", "user": ["mattia"], "content_type": ["shop", "product"], "object_id": "2", "object_repr": "Malta", "action_flag": 2, "change_message": "[]"}}, {"model": "admin.logentry", "pk": 26, "fields": {"action_time": "2025-06-28T19:33:32.089Z", "user": ["mattia"], "content_type": ["shop", "product"], "object_id": "1", "object_repr": "Cemento", "action_flag": 2, "change_message": "[{\"changed\": {\"fields\": [\"Description\"]}}]"}}, {"model": "admin.logentry", "pk": 27, "fields": {"action_time": "2025-06-28T19:51:17.380Z", "user": ["mattia"], "content_type": ["shop", "product"], "object_id": "2", "object_repr": "Malta", "action_flag": 2, "change_message": "[{\"changed\": {\"fields\": [\"Stock\"]}}]"}}, {"model": "admin.logentry", "pk": 28, "fields": {"action_time": "2025-06-28T19:52:19.633Z", "user": ["mattia"], "content_type": ["shop", "product"], "object_id": "2", "object_repr": "Malta", "action_flag": 2, "change_message": "[{\"changed\": {\"fields\": [\"Stock\"]}}]"}}, {"model": "admin.logentry", "pk": 29, "fields": {"action_time": "2025-06-28T20:09:53.071Z", "user": ["mattia"], "content_type": ["shop", "product"], "object_id": "2", "object_repr": "Malta", "action_flag": 2, "change_message": "[{\"changed\": {\"fields\": [\"Stock\"]}}]"}}, {"model": "admin.logentry", "pk": 30, "fields": {"action_time": "2025-06-28T20:12:20.305Z", "user": ["mattia"], "content_type": ["shop", "product"], "object_id": "2", "object_repr": "Malta", "action_flag": 2, "change_message": "[{\"changed\": {\"fields\": [\"Stock\"]}}]"}}, {"model": "admin.logentry", "pk": 31, "fields": {"action_time": "2025-06-28T20:35:48.283Z", "user": ["mattia"], "content_type": ["shop", "product"], "object_id": "2", "object_repr": "Malta", "action_flag": 2, "change_message": "[{\"changed\": {\"fields\": [\"Stock\"]}}]"}}, {"model": "admin.logentry", "pk": 32, "fields": {"action_time": "2025-06-28T20:41:27.655Z", "user": ["mattia"], "content_type": ["shop", "product"], "object_id": "2", "object_repr": "Malta", "action_flag": 2, "change_message": "[{\"changed\": {\"fields\": [\"Stock\"]}}]"}}, {"model": "admin.logentry", "pk": 33, "fields": {"action_time": "2025-06-28T20:43:32.444Z", "user": ["mattia"], "content_type": ["shop", "product"], "object_id": "2", "object_repr": "Malta", "action_flag": 2, "change_message": "[{\"changed\": {\"fields\": [\"Stock\"]}}]"}}, {"model": "admin.logentry", "pk": 34, "fields": {"action_time": "2025-06-28T20:50:42.976Z", "user": ["mattia"], "content_type": ["shop", "product"], "object_id": "2", "object_repr": "Malta", "action_flag": 2, "change_message": "[{\"changed\": {\"fields\": [\"Stock\"]}}]"}}, {"model": "admin.logentry", "pk": 35, "fields": {"action_time": "2025-06-28T21:08:22.732Z", "user": ["mattia"], "content_type": ["shop", "product"], "object_id": "2", "object_repr": "Malta", "action_flag": 2, "change_message": "[{\"changed\": {\"fields\": [\"Stock\"]}}]"}}, {"model": "admin.logentry", "pk": 36, "fields": {"action_time": "2025-06-28T21:09:28.030Z", "user": ["mattia"], "content_type": ["shop", "product"], "object_id": "2", "object_repr": "Malta", "action_flag": 2, "change_message": "[{\"changed\": {\"fields\": [\"Stock\"]}}]"}}, {"model": "admin.logentry", "pk": 37, "fields": {"action_time": "2025-06-28T21:10:29.999Z", "user": ["mattia"], "content_type": ["shop", "product"], "object_id": "2", "object_repr": "Malta", "action_flag": 2, "change_message": "[{\"changed\": {\"fields\": [\"Stock\"]}}]"}}, {"model": "admin.logentry", "pk": 38, "fields": {"action_time": "2025-06-28T21:15:29.150Z", "user": ["mattia"], "content_type": ["shop", "product"], "object_id": "2", "object_repr": "Malta", "action_flag": 2, "change_message": "[{\"changed\": {\"fields\": [\"Stock\"]}}]"}}, {"model": "admin.logentry", "pk": 39, "fields": {"action_time": "2025-06-28T21:33:11.463Z", "user": ["mattia"], "content_type": ["shop", "product"], "object_id": "3", "object_repr": "Stucco", "action_flag": 2, "change_message": "[{\"changed\": {\"fields\": [\"Stock\"]}}]"}}, {"model": "admin.logentry", "pk": 40, "fields": {"action_time": "2025-06-28T21:33:15.113Z", "user": ["mattia"], "content_type": ["shop", "product"], "object_id": "2", "object_repr": "Malta", "action_flag": 2, "change_message": "[{\"changed\": {\"fields\": [\"Stock\"]}}]"}}, {"model": "admin.logentry", "pk": 41, "fields": {"action_time": "2025-06-28T21:33:20.876Z", "user": ["mattia"], "content_type": ["shop", "product"], "object_id": "1", "object_repr": "Cemento", "action_flag": 2, "change_message": "[{\"changed\": {\"fields\": [\"Stock\"]}}]"}}, {"model": "admin.logentry", "pk": 42, "fields": {"action_time": "2025-06-28T21:46:18.152Z", "user": ["mattia"], "content_type": ["shop", "order"], "object_id": "30", "object_repr": "Order #30 by gabriele", "action_flag": 2, "change_message": "[{\"changed\": {\"fields\": [\"User\"]}}]"}}, {"model": "admin.logentry", "pk": 43, "fields": {"action_time": "2025-06-28T21:46:59.598Z", "user": ["mattia"], "content_type": ["shop", "order"], "object_id": "30", "object_repr": "Order #30 by gabriele", "action_flag": 3, "change_message": ""}}, {"model": "admin.logentry", "pk": 44, "fields": {"action_time": "2025-06-29T12:37:07.256Z", "user": ["mattia"], "content_type": ["shop", "product"], "object_id": "3", "object_repr": "Stucco", "action_flag": 2, "change_message": "[{\"changed\": {\"fields\": [\"Discount percent\"]}}]"}}, {"model": "admin.logentry", "pk": 45, "fields": {"action_time": "2025-06-29T12:39:51.502Z", "user": ["mattia"], "content_type": ["shop", "product"], "object_id": "3", "object_repr": "Stucco", "action_flag": 2, "change_message": "[]"}}, {"model": "admin.logentry", "pk": 46, "fields": {"action_time": "2025-06-29T12:57:13.819Z", "user": ["mattia"], "content_type": ["users", "customuser"], "object_id": "2", "object_repr": "gabriele", "action_flag": 2, "change_message": "[{\"changed\": {\"fields\": [\"Is banned\"]}}]"}}, {"model": "admin.logentry", "pk": 47, "fields": {"action_time": "2025-06-29T13:24:38.982Z", "user": ["mattia"], "content_type": ["users", "customuser"], "object_id": "2", "object_repr": "gabriele", "action_flag": 2, "change_message": "[{\"changed\": {\"fields\": [\"Is banned\"]}}]"}}, {"model": "admin.logentry", "pk": 48, "fields": {"action_time": "2025-06-29T13:25:03.307Z", "user": ["mattia"], "content_type": ["users", "customuser"], "object_id": "2", "object_repr": "gabriele", "action_flag": 2, "change_message": "[{\"changed\": {\"fields\": [\"Is banned\"]}}]"}}, {"model": "admin.logentry", "pk": 49, "fields": {"action_time": "2025-06-29T14:15:54.447Z", "user": ["mattia"], "content_type": ["users", "customuser"], "object_id": "2", "object_repr": "gabriele", "action_flag": 2, "change_message": "[{\"changed\": {\"fields\": [\"Is banned\"]}}]"}}, {"model": "admin.logentry", "pk": 50, "fields": {"action_time": "2025-06-29T14:16:27.447Z", "user": ["mattia"], "content_type": ["shop", "product"], "object_id": "3", "object_repr": "Stucco", "action_flag": 2, "change_message": "[{\"changed\": {\"fields\": [\"Discount percent\"]}}]"}}, {"model": "admin.logentry", "pk": 51, "fields": {"action_time": "2025-06-29T14:16:45.144Z", "user": ["mattia"], "content_type": ["shop", "product"], "object_id": "2", "object_repr": "Malta", "action_flag": 2, "change_message": "[{\"changed\": {\"fields\": [\"Price\", \"Discount percent\"]}}]"}}, {"model": "admin.logentry", "pk": 52, "fields": {"action_time": "2025-06-29T14:16:52.794Z", "user": ["mattia"], "content_type": ["shop", "product"], "object_id": "2", "object_repr": "Malta", "action_flag": 2, "change_message": "[]"}}, {"model": "admin.logentry", "pk": 53, "fields": {"action_time": "2025-06-29T14:17:04.830Z", "user": ["mattia"], "content_type": ["shop", "product"], "object_id": "3", "object_repr": "Stucco", "action_flag": 2, "change_message": "[{\"changed\": {\"fields\": [\"Discount percent\"]}}]"}}, {"model": "admin.logentry", "pk": 54, "fields": {"action_time": "2025-06-29T14:17:09.550Z", "user": ["mattia"], "content_type": ["shop", "product"], "object_id": "2", "object_repr": "Malta", "action_flag": 2, "change_message": "[{\"changed\": {\"fields\": [\"Discount percent\"]}}]"}}, {"model": "admin.logentry", "pk": 55, "fields": {"action_time": "2025-06-29T14:17:18.993Z", "user": ["mattia"], "content_type": ["shop", "product"], "object_id": "1", "object_repr": "Cemento", "action_flag": 2, "change_message": "[{\"changed\": {\"fields\": [\"Price\"]}}]"}}, {"model": "admin.logentry", "pk": 56, "fields": {"action_time": "2025-06-29T14:17:21.889Z", "user": ["mattia"], "content_type": ["shop", "product"], "object_id": "2", "object_repr": "Malta", "action_flag": 2, "change_message": "[]"}}, {"model": "admin.logentry", "pk": 57, "fields": {"action_time": "2025-06-29T14:29:44.140Z", "user": ["mattia"], "content_type": ["users", "customuser"], "object_id": "2", "object_repr": "gabriele", "action_flag": 2, "change_message": "[{\"changed\": {\"fields\": [\"Is banned\"]}}]"}}, {"model": "admin.logentry", "pk": 58, "fields": {"action_time": "2025-06-29T14:29:49.037Z", "user": ["mattia"], "content_type": ["users", "customuser"], "object_id": "2", "object_repr": "gabriele", "action_flag": 2, "change_message": "[{\"changed\": {\"fields\": [\"Active\"]}}]"}}, {"model": "admin.logentry", "pk": 59, "fields": {"action_time": "2025-06-29T14:30:10.786Z", "user": ["mattia"], "content_type": ["users", "customuser"], "object_id": "2", "object_repr": "gabriele", "action_flag": 2, "change_message": "[{\"changed\": {\"fields\": [\"Active\", \"Is banned\"]}}]"}}, {"model": "admin.logentry", "pk": 60, "fields": {"action_time": "2025-06-29T14:30:39.768Z", "user": ["mattia"], "content_type": ["users", "customuser"], "object_id": "2", "object_repr": "gabriele", "action_flag": 2, "change_message": "[{\"changed\": {\"fields\": [\"Is moderator\"]}}]"}}, {"model": "admin.logentry", "pk": 61, "fields": {"action_time": "2025-06-29T14:31:17.462Z", "user": ["mattia"], "content_type": ["users", "customuser"], "object_id": "6", "object_repr": "nire", "action_flag": 1, "change_message": "[{\"added\": {}}]"}}, {"model": "admin.logentry", "pk": 62, "fields": {"action_time": "2025-06-29T14:46:03.654Z", "user": ["mattia"], "content_type": ["users", "customuser"], "object_id": "2", "object_repr": "gabriele", "action_flag": 2, "change_message": "[]"}}, {"model": "admin.logentry", "pk": 63, "fields": {"action_time": "2025-06-29T14:46:16.062Z", "user": ["mattia"], "content_type": ["users", "customuser"], "object_id": "2", "object_repr": "gabriele", "action_flag": 2, "change_message": "[{\"changed\": {\"fields\": [\"Is moderator\"]}}]"}}, {"model": "admin.logentry", "pk": 64, "fields": {"action_time": "2025-06-29T14:46:25.649Z", "user": ["mattia"], "content_type": ["users", "customuser"], "object_id": "2", "object_repr": "gabriele", "action_flag": 2, "change_message": "[]"}}, {"model": "admin.logentry", "pk": 65, "fields": {"action_time": "2025-06-29T14:46:34.555Z", "user": ["mattia"], "content_type": ["users", "customuser"], "object_id": "2", "object_repr": "gabriele", "action_flag": 2, "change_message": "[{\"changed\": {\"fields\": [\"Staff status\"]}}]"}}, {"model": "admin.logentry", "pk": 66, "fields": {"action_time": "2025-06-29T14:46:56.220Z", "user": ["mattia"], "content_type": ["users", "customuser"], "object_id": "2", "object_repr": "gabriele", "action_flag": 2, "change_message": "[{\"changed\": {\"fields\": [\"Is moderator\"]}}]"}}, {"model": "admin.logentry", "pk": 67, "fields": {"action_time": "2025-06-29T14:47:02.036Z", "user": ["mattia"], "content_type": ["users", "customuser"], "object_id": "2", "object_repr": "gabriele", "action_flag": 2, "change_message": "[{\"changed\": {\"fields\": [\"Is moderator\"]}}]"}}, {"model": "admin.logentry", "pk": 68, "fields": {"action_time": "2025-06-29T14:47:06.565Z", "user": ["mattia"], "content_type": ["users", "customuser"], "object_id": "2", "object_repr": "gabriele", "action_flag": 2, "change_message": "[{\"changed\": {\"fields\": [\"Is moderator\"]}}]"}}, {"model": "admin.logentry", "pk": 69, "fields": {"action_time": "2025-06-29T14:47:10.498Z", "user": ["mattia"], "content_type": ["users", "customuser"], "object_id": "2", "object_repr": "gabriele", "action_flag": 2, "change_message": "[{\"changed\": {\"fields\": [\"Staff status\"]}}]"}}, {"model": "admin.logentry", "pk": 70, "fields": {"action_time": "2025-06-29T14:47:40.353Z", "user": ["mattia"], "content_type": ["auth", "group"], "object_id": "2", "object_repr": "Utente", "action_flag": 3, "change_message": ""}}, {"model": "admin.logentry", "pk": 71, "fields": {"action_time": "2025-06-29T14:48:28.406Z", "user": ["mattia"], "content_type": ["auth", "group"], "object_id": "1", "object_repr": "Moderatore", "action_flag": 2, "change_message": "[{\"changed\": {\"fields\": [\"Permissions\"]}}]"}}, {"model": "admin.logentry", "pk": 72, "fields": {"action_time": "2025-06-29T14:48:37.363Z", "user": ["mattia"], "content_type": ["users", "customuser"], "object_id": "2", "object_repr": "gabriele", "action_flag": 2, "change_message": "[{\"changed\": {\"fields\": [\"Groups\"]}}]"}}, {"model": "admin.logentry", "pk": 73, "fields": {"action_time": "2025-06-29T14:51:48.083Z", "user": ["mattia"], "content_type": ["users", "customuser"], "object_id": "2", "object_repr": "gabriele", "action_flag": 2, "change_message": "[{\"changed\": {\"fields\": [\"Staff status\"]}}]"}}, {"model": "admin.logentry", "pk": 74, "fields": {"action_time": "2025-06-29T14:51:52.767Z", "user": ["mattia"], "content_type": ["users", "customuser"], "object_id": "2", "object_repr": "gabriele", "action_flag": 2, "change_message": "[{\"changed\": {\"fields\": [\"Is moderator\"]}}]"}}, {"model": "admin.logentry", "pk": 75, "fields": {"action_time": "2025-06-29T14:52:03.035Z", "user": ["mattia"], "content_type": ["users", "customuser"], "object_id": "2", "object_repr": "gabriele", "action_flag": 2, "change_message": "[{\"changed\": {\"fields\": [\"Is moderator\"]}}]"}}, {"model": "admin.logentry", "pk": 76, "fields": {"action_time": "2025-06-29T15:03:51.217Z", "user": ["mattia"], "content_type": ["users", "customuser"], "object_id": "6", "object_repr": "nire", "action_flag": 2, "change_message": "[{\"changed\": {\"fields\": [\"Email address\"]}}]"}}, {"model": "admin.logentry", "pk": 77, "fields": {"action_time": "2025-06-29T15:05:30.052Z", "user": ["mattia"], "content_type": ["auth", "group"], "object_id": "1", "object_repr": "Moderatore", "action_flag": 2, "change_message": "[{\"changed\": {\"fields\": [\"Permissions\"]}}]"}}, {"model": "admin.logentry", "pk": 78, "fields": {"action_time": "2025-06-29T15:06:31.901Z", "user": ["mattia"], "content_type": ["auth", "group"], "object_id": "1", "object_repr": "Moderatore", "action_flag": 2, "change_message": "[{\"changed\": {\"fields\": [\"Permissions\"]}}]"}}, {"model": "admin.logentry", "pk": 79, "fields": {"action_time": "2025-06-29T15:08:44.507Z", "user": ["mattia"], "content_type": ["auth", "group"], "object_id": "1", "object_repr": "Moderatore", "action_flag": 2, "change_message": "[{\"changed\": {\"fields\": [\"Permissions\"]}}]"}}, {"model": "admin.logentry", "pk": 80, "fields": {"action_time": "2025-06-29T15:10:59.214Z", "user": ["mattia"], "content_type": ["auth", "group"], "object_id": "1", "object_repr": "Moderatore", "action_flag": 2, "change_message": "[{\"changed\": {\"fields\": [\"Permissions\"]}}]"}}, {"model": "admin.logentry", "pk": 81, "fields": {"action_time": "2025-06-29T15:12:58.048Z", "user": ["mattia"], "content_type": ["authtoken", "tokenproxy"], "object_id": "6", "object_repr": "d77087d5282a4a7c1d2d6f4ce730b60cadb82af4", "action_flag": 1, "change_message": "[{\"added\": {}}]"}}, {"model": "admin.logentry", "pk": 82, "fields": {"action_time": "2025-06-29T15:41:30.044Z", "user": ["mattia"], "content_type": ["shop", "cartitem"], "object_id": "121", "object_repr": "0 x Stucco", "action_flag": 2, "change_message": "[{\"changed\": {\"fields\": [\"Quantity\"]}}]"}}, {"model": "admin.logentry", "pk": 83, "fields": {"action_time": "2025-06-29T15:43:58.689Z", "user": ["mattia"], "content_type": ["shop", "cartitem"], "object_id": "121", "object_repr": "1 x Stucco", "action_flag": 2, "change_message": "[{\"changed\": {\"fields\": [\"Quantity\"]}}]"}}, {"model": "admin.logentry", "pk": 84, "fields": {"action_time": "2025-06-29T15:52:18.359Z", "user": ["mattia"], "content_type": ["auth", "group"], "object_id": "1", "object_repr": "Moderatore", "action_flag": 2, "change_message": "[{\"changed\": {\"fields\": [\"Permissions\"]}}]"}}, {"model": "admin.logentry", "pk": 85, "fields": {"action_time": "2025-06-29T15:53:30.888Z", "user": ["mattia"], "content_type": ["auth", "group"], "object_id": "1", "object_repr": "Moderatore", "action_flag": 2, "change_message": "[{\"changed\": {\"fields\": [\"Permissions\"]}}]"}}, {"model": "admin.logentry", "pk": 86, "fields": {"action_time": "2025-06-29T15:54:12.184Z", "user": ["gabriele"], "content_type": ["shop", "order"], "object_id": "33", "object_repr": "Order #33 by mattia", "action_flag": 1, "change_message": "[{\"added\": {}}]"}}, {"model": "admin.logentry", "pk": 87, "fields": {"action_time": "2025-06-29T15:54:43.933Z", "user": ["gabriele"], "content_type": ["shop", "order"], "object_id": "33", "object_repr": "Order #33 by mattia", "action_flag": 3, "change_message": ""}}, {"model": "admin.logentry", "pk": 88, "fields": {"action_time": "2025-06-29T15:57:20.891Z", "user": ["mattia"], "content_type": ["auth", "group"], "object_id": "3", "object_repr": "product_manager", "action_flag": 1, "change_message": "[{\"added\": {}}]"}}, {"model": "admin.logentry", "pk": 89, "fields": {"action_time": "2025-06-29T15:58:14.773Z", "user": ["mattia"], "content_type": ["auth", "group"], "object_id": "3", "object_repr": "Responsabile prodotti", "action_flag": 2, "change_message": "[{\"changed\": {\"fields\": [\"Name\"]}}]"}}, {"model": "admin.logentry", "pk": 90, "fields": {"action_time": "2025-06-29T16:00:59.568Z", "user": ["mattia"], "content_type": ["users", "customuser"], "object_id": "6", "object_repr": "nire", "action_flag": 3, "change_message": ""}}, {"model": "admin.logentry", "pk": 91, "fields": {"action_time": "2025-06-29T16:01:52.831Z", "user": ["mattia"], "content_type": ["users", "customuser"], "object_id": "7", "object_repr": "filippo", "action_flag": 1, "change_message": "[{\"added\": {}}]"}}, {"model": "admin.logentry", "pk": 92, "fields": {"action_time": "2025-06-29T16:02:00.162Z", "user": ["mattia"], "content_type": ["users", "customuser"], "object_id": "7", "object_repr": "filippo", "action_flag": 2, "change_message": "[]"}}, {"model": "admin.logentry", "pk": 93, "fields": {"action_time": "2025-06-29T16:13:58.850Z", "user": ["mattia"], "content_type": ["users", "customuser"], "object_id": "7", "object_repr": "filippo", "action_flag": 2, "change_message": "[]"}}, {"model": "admin.logentry", "pk": 94, "fields": {"action_time": "2025-06-29T16:14:30.199Z", "user": ["mattia"], "content_type": ["users", "customuser"], "object_id": "7", "object_repr": "filippo", "action_flag": 2, "change_message": "[{\"changed\": {\"fields\": [\"Staff status\", \"Groups\"]}}]"}}, {"model": "admin.logentry", "pk": 95, "fields": {"action_time": "2025-06-29T16:14:53.364Z", "user": ["mattia"], "content_type": ["users", "customuser"], "object_id": "2", "object_repr": "gabriele", "action_flag": 2, "change_message": "[{\"changed\": {\"fields\": [\"Email address\"]}}]"}}, {"model": "admin.logentry", "pk": 96, "fields": {"action_time": "2025-06-29T16:15:11.251Z", "user": ["mattia"], "content_type": ["users", "customuser"], "object_id": "2", "object_repr": "gabriele", "action_flag": 2, "change_message": "[{\"changed\": {\"fields\": [\"password\"]}}]"}}, {"model": "admin.logentry", "pk": 97, "fields": {"action_time": "2025-06-29T16:15:16.196Z", "user": ["mattia"], "content_type": ["users", "customuser"], "object_id": "2", "object_repr": "gabriele", "action_flag": 2, "change_message": "[]"}}, {"model": "admin.logentry", "pk": 98, "fields": {"action_time": "2025-06-29T16:15:49.869Z", "user": ["mattia"], "content_type": ["users", "customuser"], "object_id": "1", "object_repr": "mattia", "action_flag": 2, "change_message": "[{\"changed\": {\"fields\": [\"Email address\", \"Bio\"]}}]"}}, {"model": "admin.logentry", "pk": 99, "fields": {"action_time": "2025-06-29T16:16:01.805Z", "user": ["mattia"], "content_type": ["users", "customuser"], "object_id": "1", "object_repr": "mattia", "action_flag": 2, "change_message": "[{\"changed\": {\"fields\": [\"password\"]}}]"}}, {"model": "admin.logentry", "pk": 100, "fields": {"action_time": "2025-06-29T16:16:04.968Z", "user": ["mattia"], "content_type": ["users", "customuser"], "object_id": "1", "object_repr": "mattia", "action_flag": 2, "change_message": "[]"}}, {"model": "admin.logentry", "pk": 101, "fields": {"action_time": "2025-06-29T16:16:37.184Z", "user": ["mattia"], "content_type": ["users", "customuser"], "object_id": "8", "object_repr": "martino", "action_flag": 1, "change_message": "[{\"added\": {}}]"}}, {"model": "admin.logentry", "pk": 102, "fields": {"action_time": "2025-06-29T16:16:40.600Z", "user": ["mattia"], "content_type": ["users", "customuser"], "object_id": "8", "object_repr": "martino", "action_flag": 2, "change_message": "[]"}}, {"model": "admin.logentry", "pk": 103, "fields": {"action_time": "2025-06-29T16:17:04.254Z", "user": ["mattia"], "content_type": ["users", "customuser"], "object_id": "8", "object_repr": "martino", "action_flag": 2, "change_message": "[{\"changed\": {\"fields\": [\"Is banned\"]}}]"}}, {"model": "admin.logentry", "pk": 104, "fields": {"action_time": "2025-06-29T16:17:36.993Z", "user": ["mattia"], "content_type": ["users", "customuser"], "object_id": "8", "object_repr": "martino", "action_flag": 2, "change_message": "[{\"changed\": {\"fields\": [\"Is banned\"]}}]"}}, {"model": "admin.logentry", "pk": 105, "fields": {"action_time": "2025-06-29T16:28:11.087Z", "user": ["filippo"], "content_type": ["shop", "product"], "object_id": "4", "object_repr": "Silicone", "action_flag": 1, "change_message": "[{\"added\": {}}]"}}, {"model": "admin.logentry", "pk": 106, "fields": {"action_time": "2025-06-29T16:28:23.202Z", "user": ["filippo"], "content_type": ["shop", "product"], "object_id": "2", "object_repr": "Malta", "action_flag": 2, "change_message": "[{\"changed\": {\"fields\": [\"Discount percent\"]}}]"}}, {"model": "admin.logentry", "pk": 107, "fields": {"action_time": "2025-06-30T10:10:33.194Z", "user": ["mattia"], "content_type": ["shop", "cart"], "object_id": "1", "object_repr": "Cart for mattia", "action_flag": 3, "change_message": ""}}, {"model": "admin.logentry", "pk": 108, "fields": {"action_time": "2025-06-30T10:10:39.312Z", "user": ["mattia"], "content_type": ["shop", "cart"], "object_id": "8", "object_repr": "Cart for mattia", "action_flag": 1, "change_message": "[{\"added\": {}}]"}}, {"model": "admin.logentry", "pk": 109, "fields": {"action_time": "2025-06-30T10:10:47.281Z", "user": ["mattia"], "content_type": ["shop", "cart"], "object_id": "8", "object_repr": "Cart for mattia", "action_flag": 3, "change_message": ""}}, {"model": "admin.logentry", "pk": 110, "fields": {"action_time": "2025-06-30T10:10:47.284Z", "user": ["mattia"], "content_type": ["shop", "cart"], "object_id": "7", "object_repr": "Cart for martino", "action_flag": 3, "change_message": ""}}, {"model": "admin.logentry", "pk": 111, "fields": {"action_time": "2025-06-30T10:10:47.286Z", "user": ["mattia"], "content_type": ["shop", "cart"], "object_id": "6", "object_repr": "Cart for filippo", "action_flag": 3, "change_message": ""}}, {"model": "admin.logentry", "pk": 112, "fields": {"action_time": "2025-06-30T10:10:47.288Z", "user": ["mattia"], "content_type": ["shop", "cart"], "object_id": "2", "object_repr": "Cart for gabriele", "action_flag": 3, "change_message": ""}}]